;Меры политики;Константа;;;;;;;;;;;;;;;;;;;;;;;;;;;;;;;;;;;;;
Управляющий параметр;Название меры;Удельный параметр;Влияние;Продукт;ед. измерения;Пояснение_расчета_уд_веса;Удельный параметр - предустановленный;Удельный параметр - пользовательский;Принимаемый параметр;2021;2022;2023;2024;2025;2026;2027;2028;2029;2030;2031;2032;2033;2034;2035;2036;2037;2038;2039;2040;2041;2042;2043;2044;2045;2046;2047;2048;2049;2050
measure;Электрификация промышленности;МВт установленной мощности;Величинамеры;;;;;1,00;1,00;10;10;10;10;10;10;10;10;10;10;10;10;10;10;10;10;10;10;10;10;10;10;10;10;10;10;10;10;10;10
invest;Электрификация промышленности;МВт установленной мощности;Инвестиции;; тыс долл.;экспертное значение =100 тыс долл.;100,00;;100,00;1000;1000;1000;1000;1000;1000;1000;1000;1000;1000;1000;1000;1000;1000;1000;1000;1000;1000;1000;1000;1000;1000;1000;1000;1000;1000;1000;1000;1000;1000
nateffect1;Электрификация промышленности;МВт установленной мощности;Натэффект;Газ природный;млн. куб. м.;экспертное значение =-0,936948499919782 млн. куб. м. за МВт установленной мощности при Электрификация промышленности;-0,94;;-0,94;-9,369484999;-9,369484999;-9,369484999;-9,369484999;-9,369484999;-9,369484999;-9,369484999;-9,369484999;-9,369484999;-9,369484999;-9,369484999;-9,369484999;-9,369484999;-9,369484999;-9,369484999;-9,369484999;-9,369484999;-9,369484999;-9,369484999;-9,369484999;-9,369484999;-9,369484999;-9,369484999;-9,369484999;-9,369484999;-9,369484999;-9,369484999;-9,369484999;-9,369484999;-9,369484999
nateffect2;Электрификация промышленности;МВт установленной мощности;Натэффект;Электроэнергия;млн. кВтч;экспертное значение =-2,628 млн. кВтч за МВт установленной мощности при Электрификация промышленности;-2,63;;-2,63;-26,28;-26,28;-26,28;-26,28;-26,28;-26,28;-26,28;-26,28;-26,28;-26,28;-26,28;-26,28;-26,28;-26,28;-26,28;-26,28;-26,28;-26,28;-26,28;-26,28;-26,28;-26,28;-26,28;-26,28;-26,28;-26,28;-26,28;-26,28;-26,28;-26,28
carboneffect;Электрификация промышленности;МВт установленной мощности;Углеродэффект;;тСО2;Газ природный -0,936948499919782 млн. куб. м. * 33,82 TJ/unit * 56,1 tCO2/TJ + Электроэнергия -2,628 млн. кВтч * 3,6 TJ/unit * 92,5 tCO2/TJ;-2652,80;;-2652,80;-26527,98263;-26527,98263;-26527,98263;-26527,98263;-26527,98263;-26527,98263;-26527,98263;-26527,98263;-26527,98263;-26527,98263;-26527,98263;-26527,98263;-26527,98263;-26527,98263;-26527,98263;-26527,98263;-26527,98263;-26527,98263;-26527,98263;-26527,98263;-26527,98263;-26527,98263;-26527,98263;-26527,98263;-26527,98263;-26527,98263;-26527,98263;-26527,98263;-26527,98263;-26527,98263
additben1;Электрификация промышленности;МВт установленной мощности;Допвыгода;Сокращение выбросов SOx;тонн;экспертное значение =0,00003285 за тонн;0,00;;0,00;0,000329;0,000329;0,000329;0,000329;0,000329;0,000329;0,000329;0,000329;0,000329;0,000329;0,000329;0,000329;0,000329;0,000329;0,000329;0,000329;0,000329;0,000329;0,000329;0,000329;0,000329;0,000329;0,000329;0,000329;0,000329;0,000329;0,000329;0,000329;0,000329;0,000329
additben2;Электрификация промышленности;МВт установленной мощности;Допвыгода;Сокращение выбросов Nox;тонн;экспертное значение =0,03285 за тонн;0,03;;0,03;0,328500;0,328500;0,328500;0,328500;0,328500;0,328500;0,328500;0,328500;0,328500;0,328500;0,328500;0,328500;0,328500;0,328500;0,328500;0,328500;0,328500;0,328500;0,328500;0,328500;0,328500;0,328500;0,328500;0,328500;0,328500;0,328500;0,328500;0,328500;0,328500;0,328500
additben3;Электрификация промышленности;МВт установленной мощности;Допвыгода;Сокращение выбросов твердых частиц;тонн;экспертное значение =0,0003285 за тонн;0,00;;0,00;0,003285;0,003285;0,003285;0,003285;0,003285;0,003285;0,003285;0,003285;0,003285;0,003285;0,003285;0,003285;0,003285;0,003285;0,003285;0,003285;0,003285;0,003285;0,003285;0,003285;0,003285;0,003285;0,003285;0,003285;0,003285;0,003285;0,003285;0,003285;0,003285;0,003285
9;Ввод ВЭУ;МВт установленной мощности;Величинамеры;;;;;1,00;1,00;5;5;5;5;5;5;5;5;5;5;5;5;5;5;5;5;5;5;5;5;5;5;5;5;5;5;5;5;5;5
10;Ввод ВЭУ;МВт установленной мощности;Инвестиции;; тыс долл.;экспертное значение =1473 тыс долл.;1473,00;;1473,00;7365;7365;7365;7365;7365;7365;7365;7365;7365;7365;7365;7365;7365;7365;7365;7365;7365;7365;7365;7365;7365;7365;7365;7365;7365;7365;7365;7365;7365;7365
11;Ввод ВЭУ;МВт установленной мощности;Натэффект;Электроэнергия;млн. кВтч;экспертное значение =-1,314 млн. кВтч за МВт установленной мощности при Ввод ВЭУ;-1,31;;-1,31;-6,57;-6,57;-6,57;-6,57;-6,57;-6,57;-6,57;-6,57;-6,57;-6,57;-6,57;-6,57;-6,57;-6,57;-6,57;-6,57;-6,57;-6,57;-6,57;-6,57;-6,57;-6,57;-6,57;-6,57;-6,57;-6,57;-6,57;-6,57;-6,57;-6,57
12;Ввод ВЭУ;МВт установленной мощности;Углеродэффект;;тСО2;Электроэнергия -1,314 млн. кВтч * 3,6 TJ/unit * 92,5 tCO2/TJ;-437,56;;-437,56;-2187,81;-2187,81;-2187,81;-2187,81;-2187,81;-2187,81;-2187,81;-2187,81;-2187,81;-2187,81;-2187,81;-2187,81;-2187,81;-2187,81;-2187,81;-2187,81;-2187,81;-2187,81;-2187,81;-2187,81;-2187,81;-2187,81;-2187,81;-2187,81;-2187,81;-2187,81;-2187,81;-2187,81;-2187,81;-2187,81
13;Ввод ВЭУ;МВт установленной мощности;Допвыгода;Рабочие места;шт.;;1,00;;1,00;5;5;5;5;5;5;5;5;5;5;5;5;5;5;5;5;5;5;5;5;5;5;5;5;5;5;5;5;5;5
14;Ввод СЭС;МВт установленной мощности;Величинамеры;;;;;1,00;1,00;;;;;;;;;;;;;;;;;;;;;;;;;;;;;;
15;Ввод СЭС;МВт установленной мощности;Инвестиции;; тыс долл.;экспертное значение =990 тыс долл.;990,00;;990,00;;;;;;;;;;;;;;;;;;;;;;;;;;;;;;
16;Ввод СЭС;МВт установленной мощности;Натэффект;Электроэнергия;млн. кВтч;экспертное значение =-0,963 млн. кВтч за МВт установленной мощности при Ввод СЭС;-0,96;;-0,96;;;;;;;;;;;;;;;;;;;;;;;;;;;;;;
17;Ввод СЭС;МВт установленной мощности;Углеродэффект;;тСО2;Электроэнергия -0,963 млн. кВтч * 3,6 TJ/unit * 92,5 tCO2/TJ;-320,68;;-320,68;;;;;;;;;;;;;;;;;;;;;;;;;;;;;;
18;Ввод СЭС;МВт установленной мощности;Допвыгода;Рабочие места;шт.;;1,00;;1,00;;;;;;;;;;;;;;;;;;;;;;;;;;;;;;
19;Ввод гелиоколлекторов;тыс. кв. м. коллекторов;Величинамеры;;;;;1,00;1,00;;;;;;;;;;;;;;;;;;;;;;;;;;;;;;
20;Ввод гелиоколлекторов;тыс. кв. м. коллекторов;Инвестиции;; тыс долл.;экспертное значение =400 тыс долл.;400,00;;400,00;;;;;;;;;;;;;;;;;;;;;;;;;;;;;;
21;Ввод гелиоколлекторов;тыс. кв. м. коллекторов;Натэффект;Теплоэнергия;тыс. Гкал;экспертное значение =-0,86 тыс. Гкал за тыс. кв. м. коллекторов при Ввод гелиоколлекторов;-0,86;;-0,86;;;;;;;;;;;;;;;;;;;;;;;;;;;;;;
22;Ввод гелиоколлекторов;тыс. кв. м. коллекторов;Углеродэффект;;тСО2;Теплоэнергия -0,86 тыс. Гкал * 4,1868 TJ/unit * 67,3 tCO2/TJ;-242,32;;-242,32;;;;;;;;;;;;;;;;;;;;;;;;;;;;;;
23;Высокоскоростные поезда вместо дизельных;1 км маршрута высоко-скоростных поездов;Величинамеры;;;;;1,00;1,00;;;;;;;;;;;;;;;;;;;;;;;;;;;;;;
24;Высокоскоростные поезда вместо дизельных;1 км маршрута высоко-скоростных поездов;Инвестиции;; тыс долл.;экспертное значение =25000 тыс долл.;25000,00;;25000,00;;;;;;;;;;;;;;;;;;;;;;;;;;;;;;
25;Высокоскоростные поезда вместо дизельных;1 км маршрута высоко-скоростных поездов;Натэффект;Топливо дизельное;тыс. тонн;экспертное значение =-0,02 тыс. тонн за 1 км маршрута высоко-скоростных поездов при Высокоскоростные поезда вместо дизельных;-0,02;;-0,02;;;;;;;;;;;;;;;;;;;;;;;;;;;;;;
26;Высокоскоростные поезда вместо дизельных;1 км маршрута высоко-скоростных поездов;Натэффект;Электроэнергия;млн. кВтч;экспертное значение =-0,066 млн. кВтч за 1 км маршрута высоко-скоростных поездов при Высокоскоростные поезда вместо дизельных;-0,07;;-0,07;;;;;;;;;;;;;;;;;;;;;;;;;;;;;;
27;Высокоскоростные поезда вместо дизельных;1 км маршрута высоко-скоростных поездов;Углеродэффект;;тСО2;Топливо дизельное -0,02 тыс. тонн * 42,58 TJ/unit * 74,1 tCO2/TJ + Электроэнергия -0,066 млн. кВтч * 3,6 TJ/unit * 92,5 tCO2/TJ;-85,08;;-85,08;;;;;;;;;;;;;;;;;;;;;;;;;;;;;;
28;Ввод блоков на биомассе;МВт установленной мощности;Величинамеры;;;;;1,00;1,00;;;;;;;;;;;;;;;;;;;;;;;;;;;;;;
29;Ввод блоков на биомассе;МВт установленной мощности;Инвестиции;; тыс долл.;экспертное значение =1300 тыс долл.;1300,00;;1300,00;;;;;;;;;;;;;;;;;;;;;;;;;;;;;;
30;Ввод блоков на биомассе;МВт установленной мощности;Натэффект;Газ природный;млн. куб. м.;экспертное значение =-1,3 млн. куб. м. за МВт установленной мощности при Ввод блоков на биомассе;-1,30;;-1,30;;;;;;;;;;;;;;;;;;;;;;;;;;;;;;
31;Ввод блоков на биомассе;МВт установленной мощности;Углеродэффект;;тСО2;Газ природный -1,3 млн. куб. м. * 33,82 TJ/unit * 56,1 tCO2/TJ;-2466,49;;-2466,49;;;;;;;;;;;;;;;;;;;;;;;;;;;;;;
32;Ввод блоков на биомассе;МВт установленной мощности;Допвыгода;Прочая биомасса;тыс т у.т.;;1,53;;1,53;;;;;;;;;;;;;;;;;;;;;;;;;;;;;;
33;Котлы на биомассе;МВт установленной мощности;Величинамеры;;;;;1,00;1,00;;;;;;;;;;;;;;;;;;;;;;;;;;;;;;
34;Котлы на биомассе;МВт установленной мощности;Инвестиции;; тыс долл.;экспертное значение =250 тыс долл.;250,00;;250,00;;;;;;;;;;;;;;;;;;;;;;;;;;;;;;
35;Котлы на биомассе;МВт установленной мощности;Натэффект;Газ природный;млн. куб. м.;экспертное значение =-0,4 млн. куб. м. за МВт установленной мощности при Котлы на биомассе;-0,40;;-0,40;;;;;;;;;;;;;;;;;;;;;;;;;;;;;;
36;Котлы на биомассе;МВт установленной мощности;Углеродэффект;;тСО2;Газ природный -0,4 млн. куб. м. * 33,82 TJ/unit * 56,1 tCO2/TJ;-758,92;;-758,92;;;;;;;;;;;;;;;;;;;;;;;;;;;;;;
37;Котлы на биомассе;МВт установленной мощности;Допвыгода;Прочая биомасса;тыс т у.т.;;0,55;;0,55;;;;;;;;;;;;;;;;;;;;;;;;;;;;;;
38;Тепловые насосы;МВт установленной мощности;Величинамеры;;;;;1,00;1,00;;;;;;;;;;;;;;;;;;;;;;;;;;;;;;
39;Тепловые насосы;МВт установленной мощности;Инвестиции;; тыс долл.;экспертное значение =800 тыс долл.;800,00;;800,00;;;;;;;;;;;;;;;;;;;;;;;;;;;;;;
40;Тепловые насосы;МВт установленной мощности;Натэффект;Теплоэнергия;тыс. Гкал;экспертное значение =-11,2 тыс. Гкал за МВт установленной мощности при Тепловые насосы;-11,20;;-11,20;;;;;;;;;;;;;;;;;;;;;;;;;;;;;;
41;Тепловые насосы;МВт установленной мощности;Натэффект;Электроэнергия;млн. кВтч;экспертное значение =-4,38 млн. кВтч за МВт установленной мощности при Тепловые насосы;-4,38;;-4,38;;;;;;;;;;;;;;;;;;;;;;;;;;;;;;
42;Тепловые насосы;МВт установленной мощности;Углеродэффект;;тСО2;Теплоэнергия -11,2 тыс. Гкал * 4,1868 TJ/unit * 67,3 tCO2/TJ + Электроэнергия -4,38 млн. кВтч * 3,6 TJ/unit * 92,5 tCO2/TJ;-4614,38;;-4614,38;;;;;;;;;;;;;;;;;;;;;;;;;;;;;;
43;Производство водорода;МВт установленной мощности;Величинамеры;;;;;1,00;1,00;;;;;;;;;;;;;;;;;;;;;;;;;;;;;;
44;Производство водорода;МВт установленной мощности;Инвестиции;; тыс долл.;экспертное значение =1200 тыс долл.;1200,00;;1200,00;;;;;;;;;;;;;;;;;;;;;;;;;;;;;;
45;Производство водорода;МВт установленной мощности;Натэффект;Электроэнергия;млн. кВтч;экспертное значение =-0,7 млн. кВтч за МВт установленной мощности при Производство водорода;-0,70;;-0,70;;;;;;;;;;;;;;;;;;;;;;;;;;;;;;
46;Производство водорода;МВт установленной мощности;Углеродэффект;;тСО2;Электроэнергия -0,7 млн. кВтч * 3,6 TJ/unit * 92,5 tCO2/TJ;-233,10;;-233,10;;;;;;;;;;;;;;;;;;;;;;;;;;;;;;
47;Производство водорода;МВт установленной мощности;Допвыгода;Водород;тонн;;100,00;;100,00;;;;;;;;;;;;;;;;;;;;;;;;;;;;;;
48;Электросбережение;тыс. т у.т.;Величинамеры;;;;;1,00;1,00;;;;;;;;;;;;;;;;;;;;;;;;;;;;;;
49;Электросбережение;тыс. т у.т.;Инвестиции;; тыс долл.;экспертное значение =1000 тыс долл.;1000,00;;1000,00;;;;;;;;;;;;;;;;;;;;;;;;;;;;;;
50;Электросбережение;тыс. т у.т.;Натэффект;Электроэнергия;млн. кВтч;экспертное значение =-8,13 млн. кВтч за тыс. т у.т. при Электросбережение;-8,13;;-8,13;;;;;;;;;;;;;;;;;;;;;;;;;;;;;;
51;Электросбережение;тыс. т у.т.;Углеродэффект;;тСО2;Электроэнергия -8,13 млн. кВтч * 3,6 TJ/unit * 92,5 tCO2/TJ;-2707,29;;-2707,29;;;;;;;;;;;;;;;;;;;;;;;;;;;;;;
52;Теплосбережение;тыс. т у.т.;Величинамеры;;;;;1,00;1,00;;;;;;;;;;;;;;;;;;;;;;;;;;;;;;
53;Теплосбережение;тыс. т у.т.;Инвестиции;; тыс долл.;экспертное значение =500 тыс долл.;500,00;;500,00;;;;;;;;;;;;;;;;;;;;;;;;;;;;;;
54;Теплосбережение;тыс. т у.т.;Натэффект;Теплоэнергия;тыс. Гкал;экспертное значение =-6,99054170249355 тыс. Гкал за тыс. т у.т. при Теплосбережение;-6,99;;-6,99;;;;;;;;;;;;;;;;;;;;;;;;;;;;;;
55;Теплосбережение;тыс. т у.т.;Углеродэффект;;тСО2;Теплоэнергия -6,99054170249355 тыс. Гкал * 4,1868 TJ/unit * 67,3 tCO2/TJ;-1969,74;;-1969,74;;;;;;;;;;;;;;;;;;;;;;;;;;;;;;
56;Газосбережение;тыс. т у.т.;Величинамеры;;;;;1,00;1,00;;;;;;;;;;;;;;;;;;;;;;;;;;;;;;
57;Газосбережение;тыс. т у.т.;Инвестиции;; тыс долл.;экспертное значение =700 тыс долл.;700,00;;700,00;;;;;;;;;;;;;;;;;;;;;;;;;;;;;;
58;Газосбережение;тыс. т у.т.;Натэффект;Газ природный;млн. куб. м.;экспертное значение =-0,869565217391304 млн. куб. м. за тыс. т у.т. при Газосбережение;-0,87;;-0,87;;;;;;;;;;;;;;;;;;;;;;;;;;;;;;
59;Газосбережение;тыс. т у.т.;Углеродэффект;;тСО2;Газ природный -0,869565217391304 млн. куб. м. * 33,82 TJ/unit * 56,1 tCO2/TJ;-1649,83;;-1649,83;;;;;;;;;;;;;;;;;;;;;;;;;;;;;;
60;Электрификация теплоснабжения;тыс. т у.т.;Величинамеры;;;;;1,00;1,00;;;;;;;;;;;;;;;;;;;;;;;;;;;;;;
61;Электрификация теплоснабжения;тыс. т у.т.;Инвестиции;; тыс долл.;экспертное значение =700 тыс долл.;700,00;;700,00;;;;;;;;;;;;;;;;;;;;;;;;;;;;;;
62;Электрификация теплоснабжения;тыс. т у.т.;Натэффект;Теплоэнергия;тыс. Гкал;экспертное значение =-6,99054170249355 тыс. Гкал за тыс. т у.т. при Электрификация теплоснабжения;-6,99;;-6,99;;;;;;;;;;;;;;;;;;;;;;;;;;;;;;
63;Электрификация теплоснабжения;тыс. т у.т.;Натэффект;Электроэнергия;млн. кВтч;экспертное значение =-8,29591836734694 млн. кВтч за тыс. т у.т. при Электрификация теплоснабжения;-8,30;;-8,30;;;;;;;;;;;;;;;;;;;;;;;;;;;;;;
64;Электрификация теплоснабжения;тыс. т у.т.;Углеродэффект;;тСО2;Электроэнергия -8,29591836734694 млн. кВтч * 3,6 TJ/unit * 92,5 tCO2/TJ;-4732,28;;-4732,28;;;;;;;;;;;;;;;;;;;;;;;;;;;;;;
65;Электрификация теплоснабжения;тыс. т у.т.;Допвыгода;Рабочие места;шт.;;2,00;;2,00;;;;;;;;;;;;;;;;;;;;;;;;;;;;;;
66;Электрификация газоснабжения;тыс. т у.т.;Величинамеры;;;;;1,00;1,00;;;;;;;;;;;;;;;;;;;;;;;;;;;;;;
67;Электрификация газоснабжения;тыс. т у.т.;Инвестиции;; тыс долл.;экспертное значение =700 тыс долл.;700,00;;700,00;;;;;;;;;;;;;;;;;;;;;;;;;;;;;;
68;Электрификация газоснабжения;тыс. т у.т.;Натэффект;Газ природный;млн. куб. м.;экспертное значение =-0,869565217391304 млн. куб. м. за тыс. т у.т. при Электрификация газоснабжения;-0,87;;-0,87;;;;;;;;;;;;;;;;;;;;;;;;;;;;;;
69;Электрификация газоснабжения;тыс. т у.т.;Натэффект;Электроэнергия;млн. кВтч;экспертное значение =-8,29591836734694 млн. кВтч за тыс. т у.т. при Электрификация газоснабжения;-8,30;;-8,30;;;;;;;;;;;;;;;;;;;;;;;;;;;;;;
70;Электрификация газоснабжения;тыс. т у.т.;Углеродэффект;;тСО2;Газ природный -0,869565217391304 млн. куб. м. * 33,82 TJ/unit * 56,1 tCO2/TJ + Электроэнергия -8,29591836734694 млн. кВтч * 3,6 TJ/unit * 92,5 tCO2/TJ;-4412,37;;-4412,37;;;;;;;;;;;;;;;;;;;;;;;;;;;;;;
71;Развитие легкового электромобильного транспорта (замещение бензина);1000 автомобилей;Величинамеры;;;;;1,00;1,00;;;;;;;;;;;;;;;;;;;;;;;;;;;;;;
72;Развитие легкового электромобильного транспорта (замещение бензина);1000 автомобилей;Инвестиции;; тыс долл.;экспертное значение =30000 тыс долл.;30000,00;;30000,00;;;;;;;;;;;;;;;;;;;;;;;;;;;;;;
73;Развитие легкового электромобильного транспорта (замещение бензина);1000 автомобилей;Натэффект;Бензин автомобильный;тыс. тонн;экспертное значение =-0,55 тыс. тонн за 1000 автомобилей при Развитие легкового электромобильного транспорта (замещение бензина);-0,55;;-0,55;;;;;;;;;;;;;;;;;;;;;;;;;;;;;;
74;Развитие легкового электромобильного транспорта (замещение бензина);1000 автомобилей;Натэффект;Электроэнергия;млн. кВтч;экспертное значение =-1,3 млн. кВтч за 1000 автомобилей при Развитие легкового электромобильного транспорта (замещение бензина);-1,30;;-1,30;;;;;;;;;;;;;;;;;;;;;;;;;;;;;;
75;Развитие легкового электромобильного транспорта (замещение бензина);1000 автомобилей;Углеродэффект;;тСО2;Бензин автомобильный -0,55 тыс. тонн * 44,3 TJ/unit * 69,3 tCO2/TJ + Электроэнергия -1,3 млн. кВтч * 3,6 TJ/unit * 92,5 tCO2/TJ;-2121,39;;-2121,39;;;;;;;;;;;;;;;;;;;;;;;;;;;;;;
76;Развитие электробусов;1000 электробусов;Величинамеры;;;;;1,00;1,00;;;;;;;;;;;;;;;;;;;;;;;;;;;;;;
77;Развитие электробусов;1000 электробусов;Инвестиции;; тыс долл.;экспертное значение =400000 тыс долл.;400000,00;;400000,00;;;;;;;;;;;;;;;;;;;;;;;;;;;;;;
78;Развитие электробусов;1000 электробусов;Натэффект;Топливо дизельное;тыс. тонн;экспертное значение =-4,5 тыс. тонн за 1000 электробусов при Развитие электробусов;-4,50;;-4,50;;;;;;;;;;;;;;;;;;;;;;;;;;;;;;
79;Развитие электробусов;1000 электробусов;Натэффект;Электроэнергия;млн. кВтч;экспертное значение =-43,75 млн. кВтч за 1000 электробусов при Развитие электробусов;-43,75;;-43,75;;;;;;;;;;;;;;;;;;;;;;;;;;;;;;
80;Развитие электробусов;1000 электробусов;Углеродэффект;;тСО2;Топливо дизельное -4,5 тыс. тонн * 42,58 TJ/unit * 74,1 tCO2/TJ + Электроэнергия -43,75 млн. кВтч * 3,6 TJ/unit * 92,5 tCO2/TJ;-28767,05;;-28767,05;;;;;;;;;;;;;;;;;;;;;;;;;;;;;;
81;Развитие грузового электромобильного транспорта;1000 грузовых автомобилей;Величинамеры;;;;;1,00;1,00;;;;;;;;;;;;;;;;;;;;;;;;;;;;;;
82;Развитие грузового электромобильного транспорта;1000 грузовых автомобилей;Инвестиции;; тыс долл.;экспертное значение =95000 тыс долл.;95000,00;;95000,00;;;;;;;;;;;;;;;;;;;;;;;;;;;;;;
83;Развитие грузового электромобильного транспорта;1000 грузовых автомобилей;Натэффект;Топливо дизельное;тыс. тонн;экспертное значение =-4 тыс. тонн за 1000 грузовых автомобилей при Развитие грузового электромобильного транспорта;-4,00;;-4,00;;;;;;;;;;;;;;;;;;;;;;;;;;;;;;
84;Развитие грузового электромобильного транспорта;1000 грузовых автомобилей;Натэффект;Электроэнергия;млн. кВтч;экспертное значение =-31,25 млн. кВтч за 1000 грузовых автомобилей при Развитие грузового электромобильного транспорта;-31,25;;-31,25;;;;;;;;;;;;;;;;;;;;;;;;;;;;;;
85;Развитие грузового электромобильного транспорта;1000 грузовых автомобилей;Углеродэффект;;тСО2;Топливо дизельное -4 тыс. тонн * 42,58 TJ/unit * 74,1 tCO2/TJ + Электроэнергия -31,25 млн. кВтч * 3,6 TJ/unit * 92,5 tCO2/TJ;-23026,96;;-23026,96;;;;;;;;;;;;;;;;;;;;;;;;;;;;;;
86;Электрификация углепотребления;тыс. т у.т.;Величинамеры;;;;;1,00;1,00;;;;;;;;;;;;;;;;;;;;;;;;;;;;;;
87;Электрификация углепотребления;тыс. т у.т.;Инвестиции;; тыс долл.;экспертное значение =1400 тыс долл.;1400,00;;1400,00;;;;;;;;;;;;;;;;;;;;;;;;;;;;;;
88;Электрификация углепотребления;тыс. т у.т.;Натэффект;Уголь;тыс. тонн;экспертное значение =-1 тыс. тонн за тыс. т у.т. при Электрификация углепотребления;-1,00;;-1,00;;;;;;;;;;;;;;;;;;;;;;;;;;;;;;
89;Электрификация углепотребления;тыс. т у.т.;Натэффект;Электроэнергия;млн. кВтч;экспертное значение =-8,13 млн. кВтч за тыс. т у.т. при Электрификация углепотребления;-8,13;;-8,13;;;;;;;;;;;;;;;;;;;;;;;;;;;;;;
90;Электрификация углепотребления;тыс. т у.т.;Углеродэффект;;тСО2;Уголь -1 тыс. тонн * 11,9 TJ/unit * 94,6 tCO2/TJ + Электроэнергия -8,13 млн. кВтч * 3,6 TJ/unit * 92,5 tCO2/TJ;-3833,03;;-3833,03;;;;;;;;;;;;;;;;;;;;;;;;;;;;;;
91;Электрификация потребления ГУНП;тыс. т у.т.;Величинамеры;;;;;1,00;1,00;;;;;;;;;;;;;;;;;;;;;;;;;;;;;;
92;Электрификация потребления ГУНП;тыс. т у.т.;Инвестиции;; тыс долл.;экспертное значение =1300 тыс долл.;1300,00;;1300,00;;;;;;;;;;;;;;;;;;;;;;;;;;;;;;
93;Электрификация потребления ГУНП;тыс. т у.т.;Натэффект;Газы углеводородные нефтепереработки;тыс. тонн;экспертное значение =-0,666666666666667 тыс. тонн за тыс. т у.т. при Электрификация потребления ГУНП;-0,67;;-0,67;;;;;;;;;;;;;;;;;;;;;;;;;;;;;;
94;Электрификация потребления ГУНП;тыс. т у.т.;Натэффект;Электроэнергия;млн. кВтч;экспертное значение =-8,13 млн. кВтч за тыс. т у.т. при Электрификация потребления ГУНП;-8,13;;-8,13;;;;;;;;;;;;;;;;;;;;;;;;;;;;;;
95;Электрификация потребления ГУНП;тыс. т у.т.;Углеродэффект;;тСО2;Газы углеводородные нефтепереработки -0,666666666666667 тыс. тонн * 43,95 TJ/unit * 57,6 tCO2/TJ + Электроэнергия -8,13 млн. кВтч * 3,6 TJ/unit * 92,5 tCO2/TJ;-4394,97;;-4394,97;;;;;;;;;;;;;;;;;;;;;;;;;;;;;;
96;Замещение потребления торфяных брикетов;тыс. т у.т.;Величинамеры;;;;;1,00;1,00;;;;;;;;;;;;;;;;;;;;;;;;;;;;;;
97;Замещение потребления торфяных брикетов;тыс. т у.т.;Инвестиции;; тыс долл.;экспертное значение =100 тыс долл.;100,00;;100,00;;;;;;;;;;;;;;;;;;;;;;;;;;;;;;
98;Замещение потребления торфяных брикетов;тыс. т у.т.;Натэффект;Брикеты и полубрикеты торфяные;тыс. тонн усл. влажности;экспертное значение =-2,94117647058824 тыс. тонн усл. влажности за тыс. т у.т. при Замещение потребления торфяных брикетов;-2,94;;-2,94;;;;;;;;;;;;;;;;;;;;;;;;;;;;;;
99;Замещение потребления торфяных брикетов;тыс. т у.т.;Допвыгода;Прочая биомасса;тыс т у.т.;;4,44;;4,44;;;;;;;;;;;;;;;;;;;;;;;;;;;;;;
100;Замещение потребления торфяных брикетов;тыс. т у.т.;Углеродэффект;;тСО2;Брикеты и полубрикеты торфяные -2,94117647058824 тыс. тонн усл. влажности * 15 TJ/unit * 106 tCO2/TJ;-4676,47;;-4676,47;;;;;;;;;;;;;;;;;;;;;;;;;;;;;;
101;Оптимизация конструкции транспортных средств (бензин);1000 автомобилей;Инвестиции;; тыс долл.;экспертное значение =5000 тыс долл.;5000;;;;;;;;;;;;;;;;;;;;;;;;;;;;;;;;
102;Оптимизация конструкции транспортных средств (бензин);1000 автомобилей;Натэффект;Бензин автомобильный;тыс. тонн;экспертное значение =-0,165 тыс. тонн за 1000 автомобилей при Оптимизация конструкции транспортных средств (бензин);-0,165;;;;;;;;;;;;;;;;;;;;;;;;;;;;;;;;
103;Оптимизация конструкции транспортных средств (дизель);1000 автомобилей;Инвестиции;; тыс долл.;экспертное значение =5000 тыс долл.;5000;;;;;;;;;;;;;;;;;;;;;;;;;;;;;;;;
104;Оптимизация конструкции транспортных средств (дизель);1000 автомобилей;Натэффект;Топливо дизельное;тыс. тонн;экспертное значение =-0,13 тыс. тонн за 1000 автомобилей при Оптимизация конструкции транспортных средств (дизель);-0,13;;;;;;;;;;;;;;;;;;;;;;;;;;;;;;;;
105;Развитие легкового электромобильного транспорта (замещение дизеля);1000 автомобилей;Инвестиции;; тыс долл.;экспертное значение =30000 тыс долл.;30000;;;;;;;;;;;;;;;;;;;;;;;;;;;;;;;;
107;Развитие легкового электромобильного транспорта (замещение дизеля);1000 автомобилей;Натэффект;Топливо дизельное;тыс. тонн;экспертное значение =-0,445 тыс. тонн за 1000 автомобилей при Развитие легкового электромобильного транспорта (замещение дизеля);-0,445;;;;;;;;;;;;;;;;;;;;;;;;;;;;;;;;
108;Развитие легкового электромобильного транспорта (замещение дизеля);1000 автомобилей;Натэффект;Электроэнергия;млн. кВтч;экспертное значение =1,3 млн. кВтч за 1000 автомобилей при Развитие легкового электромобильного транспорта (замещение дизеля);1,3;;;;;;;;;;;;;;;;;;;;;;;;;;;;;;;;
109;Организационно-технические мероприятия, направленные на снижение выбросов парниковых газов в транспортном секторе;1 млн долл инвестиций;Инвестиции;; тыс долл.;экспертное значение =1000 тыс долл.;1000;;;;;;;;;;;;;;;;;;;;;;;;;;;;;;;;
110;Организационно-технические мероприятия, направленные на снижение выбросов парниковых газов в транспортном секторе;1 млн долл инвестиций;Натэффект;Бензин автомобильный;тыс. тонн;экспертное значение =0,055 тыс. тонн за 1 млн долл инвестиций при Организационно-технические мероприятия, направленные на снижение выбросов парниковых газов в транспортном секторе;0,055;;;;;;;;;;;;;;;;;;;;;;;;;;;;;;;;
111;Организационно-технические мероприятия, направленные на снижение выбросов парниковых газов в транспортном секторе;1 млн долл инвестиций;Натэффект;Топливо дизельное;тыс. тонн;экспертное значение =0,286 тыс. тонн за 1 млн долл инвестиций при Организационно-технические мероприятия, направленные на снижение выбросов парниковых газов в транспортном секторе;0,286;;;;;;;;;;;;;;;;;;;;;;;;;;;;;;;;
112;Перевод легкового автотранспорта c бензина на газ;1000 автомобилей;Инвестиции;; тыс долл.;экспертное значение =1500 тыс долл.;1500;;;;;;;;;;;;;;;;;;;;;;;;;;;;;;;;
113;Перевод легкового автотранспорта c бензина на газ;1000 автомобилей;Натэффект;Бензин автомобильный;тыс. тонн;экспертное значение =-2,19 тыс. тонн за 1000 автомобилей при Перевод легкового автотранспорта c бензина на газ;-2,19;;;;;;;;;;;;;;;;;;;;;;;;;;;;;;;;
114;Перевод легкового автотранспорта c бензина на газ;1000 автомобилей;Натэффект;Газы углеводородные сжиженные;?;;1,65;;;;;;;;;;;;;;;;;;;;;;;;;;;;;;;;
115;Развитие водородных легковых автомобилей (бензин);1000 автомобилей;Инвестиции;; тыс долл.;экспертное значение =75000 тыс долл.;75000;;;;;;;;;;;;;;;;;;;;;;;;;;;;;;;;
117;Развитие водородных легковых автомобилей (бензин);1000 автомобилей;Натэффект;Бензин автомобильный;тыс. тонн;экспертное значение =-31,25 тыс. тонн за 1000 автомобилей при Развитие водородных легковых автомобилей (бензин);-31,3;;;;;;;;;;;;;;;;;;;;;;;;;;;;;;;;
118;Развитие водородных легковых автомобилей (бензин);1000 автомобилей;Натэффект;Водород;тонн;;613,2;;;;;;;;;;;;;;;;;;;;;;;;;;;;;;;;
119;Развитие водородных легковых автомобилей (дизель);1000 автомобилей;Инвестиции;; тыс долл.;экспертное значение =75000 тыс долл.;75000;;;;;;;;;;;;;;;;;;;;;;;;;;;;;;;;
121;Развитие водородных легковых автомобилей (дизель);1000 автомобилей;Натэффект;Топливо дизельное;тыс. тонн;экспертное значение =-0,445 тыс. тонн за 1000 автомобилей при Развитие водородных легковых автомобилей (дизель);-0,445;;;;;;;;;;;;;;;;;;;;;;;;;;;;;;;;
122;Развитие водородных легковых автомобилей (дизель);1000 автомобилей;Натэффект;Водород;тонн;;501,2;;;;;;;;;;;;;;;;;;;;;;;;;;;;;;;;
123;Развитие грузового водородного транспорта;1000 грузовых автомобилей;Инвестиции;; тыс долл.;ВНИМАНИЕ! Тестовая мера. Значения инвестиций требуют подтверждения со стороны экспертов, чтобы пользоваться этой мерой и включать ее в расчеты;0;;;;;;;;;;;;;;;;;;;;;;;;;;;;;;;;
125;Развитие грузового водородного транспорта;1000 грузовых автомобилей;Натэффект;Топливо дизельное;тыс. тонн;экспертное значение =-3833,03 тыс. тонн за 1000 грузовых автомобилей при Развитие грузового водородного транспорта;-3833,0;;;;;;;;;;;;;;;;;;;;;;;;;;;;;;;;
126;Развитие грузового водородного транспорта;1000 грузовых автомобилей;Натэффект;Водород;тонн;;1115,8;;;;;;;;;;;;;;;;;;;;;;;;;;;;;;;;
127;Развитие водородных автобусов;1000 водородных автобусов;Инвестиции;; тыс долл.;ВНИМАНИЕ! Тестовая мера. Значения инвестиций требуют подтверждения со стороны экспертов, чтобы пользоваться этой мерой и включать ее в расчеты;0;;;;;;;;;;;;;;;;;;;;;;;;;;;;;;;;
128;Развитие водородных автобусов;1000 водородных автобусов;Натэффект;Топливо дизельное;тыс. тонн;экспертное значение =1400 тыс. тонн за 1000 водородных автобусов при Развитие водородных автобусов;1400,0;;;;;;;;;;;;;;;;;;;;;;;;;;;;;;;;
129;Развитие водородных автобусов;1000 водородных автобусов;Натэффект;Водород;тонн;;2674;;;;;;;;;;;;;;;;;;;;;;;;;;;;;;;;
130; Увеличение эффективности использования транспортных средств за счет повышения наполняемости (бензин);1000 автомобилей;Натэффект;Бензин автомобильный;тыс. тонн;экспертное значение =-0,22 тыс. тонн за 1000 автомобилей при  Увеличение эффективности использования транспортных средств за счет повышения наполняемости (бензин);-0,22;;;;;;;;;;;;;;;;;;;;;;;;;;;;;;;;
131; Увеличение эффективности использования транспортных средств за счет повышения наполняемости (дизель);1000 автомобилей;Натэффект;Топливо дизельное;тыс. тонн;экспертное значение =-0,18 тыс. тонн за 1000 автомобилей при  Увеличение эффективности использования транспортных средств за счет повышения наполняемости (дизель);-0,18;;;;;;;;;;;;;;;;;;;;;;;;;;;;;;;;
132; Управление движением транспортных средств (бензин);1000 автомобилей;Инвестиции;; тыс долл.;экспертное значение =20 тыс долл.;20;;;;;;;;;;;;;;;;;;;;;;;;;;;;;;;;
133; Управление движением транспортных средств (бензин);1000 автомобилей;Натэффект;Бензин автомобильный;тыс. тонн;экспертное значение =-0,022 тыс. тонн за 1000 автомобилей при  Управление движением транспортных средств (бензин);-0,022;;;;;;;;;;;;;;;;;;;;;;;;;;;;;;;;
134; Управление движением транспортных средств (дизель);1000 автомобилей;Инвестиции;; тыс долл.;экспертное значение =20 тыс долл.;20;;;;;;;;;;;;;;;;;;;;;;;;;;;;;;;;
135; Управление движением транспортных средств (дизель);1000 автомобилей;Натэффект;Топливо дизельное;тыс. тонн;экспертное значение =-0,018 тыс. тонн за 1000 автомобилей при  Управление движением транспортных средств (дизель);-0,018;;;;;;;;;;;;;;;;;;;;;;;;;;;;;;;;
136; Управление движением транспортных средств (грузовые);1000 грузовых автомобилей;Инвестиции;; тыс долл.;экспертное значение =20 тыс долл.;20;;;;;;;;;;;;;;;;;;;;;;;;;;;;;;;;
137; Управление движением транспортных средств (грузовые);1000 грузовых автомобилей;Натэффект;Топливо дизельное;тыс. тонн;экспертное значение =-0,191 тыс. тонн за 1000 грузовых автомобилей при  Управление движением транспортных средств (грузовые);-0,191;;;;;;;;;;;;;;;;;;;;;;;;;;;;;;;;
138; Управление движением транспортных средств (автобусы);1000 автобусов;Инвестиции;; тыс долл.;экспертное значение =20 тыс долл.;20;;;;;;;;;;;;;;;;;;;;;;;;;;;;;;;;
139; Управление движением транспортных средств (автобусы);1000 автобусов;Натэффект;Топливо дизельное;тыс. тонн;экспертное значение =-0,765 тыс. тонн за 1000 автобусов при  Управление движением транспортных средств (автобусы);-0,765;;;;;;;;;;;;;;;;;;;;;;;;;;;;;;;;
140;Скоростной трамвай;1 км трамвайной линии;Инвестиции;; тыс долл.;экспертное значение =25000 тыс долл.;25000;;;;;;;;;;;;;;;;;;;;;;;;;;;;;;;;
141;Скоростной трамвай;1 км трамвайной линии;Натэффект;Электроэнергия;млн. кВтч;экспертное значение =-0,035 млн. кВтч за 1 км трамвайной линии при Скоростной трамвай;-0,035;;;;;;;;;;;;;;;;;;;;;;;;;;;;;;;;
142;Высокоскоростные поезда вместо бензиновых;1 км маршрута высоко-скоростных поездов;Инвестиции;; тыс долл.;экспертное значение =25000 тыс долл.;25000;;;;;;;;;;;;;;;;;;;;;;;;;;;;;;;;
143;Высокоскоростные поезда вместо бензиновых;1 км маршрута высоко-скоростных поездов;Натэффект;Бензин автомобильный;тыс. тонн;экспертное значение =-0,02 тыс. тонн за 1 км маршрута высоко-скоростных поездов при Высокоскоростные поезда вместо бензиновых;-0,02;;;;;;;;;;;;;;;;;;;;;;;;;;;;;;;;
144;Высокоскоростные поезда вместо бензиновых;1 км маршрута высоко-скоростных поездов;Натэффект;Электроэнергия;млн. кВтч;экспертное значение =0,066 млн. кВтч за 1 км маршрута высоко-скоростных поездов при Высокоскоростные поезда вместо бензиновых;0,066;;;;;;;;;;;;;;;;;;;;;;;;;;;;;;;;
145;Ввод Биогазовых станций;МВт установленной мощности;Инвестиции;; тыс долл.;экспертное значение =1400 тыс долл.;1400,0;;;;;;;;;;;;;;;;;;;;;;;;;;;;;;;;
146;Ввод Биогазовых станций;МВт установленной мощности;Натэффект;Газ природный;млн. куб. м.;;-1,3;;;;;;;;;;;;;;;;;;;;;;;;;;;;;;;;
147;Ввод Биогазовых станций;МВт установленной мощности;Натэффект;Биогаз;?;требуется экспертное уточнение;1,8;;;;;;;;;;;;;;;;;;;;;;;;;;;;;;;;
148;Ввод Биогазовых станций;МВт установленной мощности;Натэффект;Cтойлово-пастбищное содержание_Системы хранения и использования навоза;?;ВНИМАНИЕ! Тестовая мера. Значения требуют подтверждения со стороны экспертов, чтобы пользоваться этой мерой и включать ее в расчеты;0,0;;;;;;;;;;;;;;;;;;;;;;;;;;;;;;;;
149;Внедрение системы точного земледелия;тыс Га;Инвестиции;; тыс долл.;ВНИМАНИЕ! Тестовая мера. Значения требуют подтверждения со стороны экспертов, чтобы пользоваться этой мерой и включать ее в расчеты;0,0;;;;;;;;;;;;;;;;;;;;;;;;;;;;;;;;
150;Внедрение системы точного земледелия;тыс Га;Натэффект;Внесение мочевины;?;ВНИМАНИЕ! Тестовая мера. Значения требуют подтверждения со стороны экспертов, чтобы пользоваться этой мерой и включать ее в расчеты;0,0;;;;;;;;;;;;;;;;;;;;;;;;;;;;;;;;
151;Внедрение системы точного земледелия;тыс Га;Натэффект;Топливо дизельное;тыс. тонн;ВНИМАНИЕ! Тестовая мера. Значения требуют подтверждения со стороны экспертов, чтобы пользоваться этой мерой и включать ее в расчеты;0;;;;;;;;;;;;;;;;;;;;;;;;;;;;;;;;
152;Развитие органического земледелия;тыс Га;Инвестиции;; тыс долл.;ВНИМАНИЕ! Тестовая мера. Значения требуют подтверждения со стороны экспертов, чтобы пользоваться этой мерой и включать ее в расчеты;0;;;;;;;;;;;;;;;;;;;;;;;;;;;;;;;;
153;Развитие органического земледелия;тыс Га;Натэффект;Азотные удобрения;?;ВНИМАНИЕ! Тестовая мера. Значения требуют подтверждения со стороны экспертов, чтобы пользоваться этой мерой и включать ее в расчеты;0;;;;;;;;;;;;;;;;;;;;;;;;;;;;;;;;
154;Развитие органического земледелия;тыс Га;Натэффект;Внесение мочевины;?;ВНИМАНИЕ! Тестовая мера. Значения требуют подтверждения со стороны экспертов, чтобы пользоваться этой мерой и включать ее в расчеты;0;;;;;;;;;;;;;;;;;;;;;;;;;;;;;;;;
155;Развитие органического земледелия;тыс Га;Натэффект;Потребление дизельного топлива;?;ВНИМАНИЕ! Тестовая мера. Значения требуют подтверждения со стороны экспертов, чтобы пользоваться этой мерой и включать ее в расчеты;0;;;;;;;;;;;;;;;;;;;;;;;;;;;;;;;;
156;Нулевая технология обработки почвы;тыс Га;Инвестиции;; тыс долл.;ВНИМАНИЕ! Тестовая мера. Значения требуют подтверждения со стороны экспертов, чтобы пользоваться этой мерой и включать ее в расчеты;0;;;;;;;;;;;;;;;;;;;;;;;;;;;;;;;;
157;Нулевая технология обработки почвы;тыс Га;Натэффект;Топливо дизельное;тыс. тонн;ВНИМАНИЕ! Тестовая мера. Значения требуют подтверждения со стороны экспертов, чтобы пользоваться этой мерой и включать ее в расчеты;0;;;;;;;;;;;;;;;;;;;;;;;;;;;;;;;;
158;Лесоразведение на площадях неиспользуемых, малопродуктивных или низкопродуктивных сельскохозяйственных земель под лесное хозяйство для лесоразведения;тыс Га;Инвестиции;; тыс долл.;экспертное значение =4,8 тыс долл.;4,8;;;;;;;;;;;;;;;;;;;;;;;;;;;;;;;;
159;Лесоразведение на площадях неиспользуемых, малопродуктивных или низкопродуктивных сельскохозяйственных земель под лесное хозяйство для лесоразведения;тыс Га;Натэффект;Увеличение площади хвойного молодняка 1 класса;тыс Га;;1;;;;;;;;;;;;;;;;;;;;;;;;;;;;;;;;
160;Лесоразведение на площадях неиспользуемых, малопродуктивных или низкопродуктивных сельскохозяйственных земель под лесное хозяйство для лесоразведения;тыс Га;Натэффект;Увеличение площади хвойного молодняка 2 класса;тыс Га;ВНИМАНИЕ! Тестовая мера. Значения требуют подтверждения со стороны экспертов, чтобы пользоваться этой мерой и включать ее в расчеты;0;;;;;;;;;;;;;;;;;;;;;;;;;;;;;;;;
161;Лесоразведение на площадях неиспользуемых, малопродуктивных или низкопродуктивных сельскохозяйственных земель под лесное хозяйство для лесоразведения;тыс Га;Натэффект;Увеличение площади хвойного средневозраст;тыс Га;ВНИМАНИЕ! Тестовая мера. Значения требуют подтверждения со стороны экспертов, чтобы пользоваться этой мерой и включать ее в расчеты;0;;;;;;;;;;;;;;;;;;;;;;;;;;;;;;;;
162;Передача для устойчивого ведения лесного хозяйства площадей с древесно-кустраниковой растительностью, произрастающей на с/х землях;тыс Га;Инвестиции;; тыс долл.;экспертное значение =4,8 тыс долл.;4,8;;;;;;;;;;;;;;;;;;;;;;;;;;;;;;;;
163;Передача для устойчивого ведения лесного хозяйства площадей с древесно-кустраниковой растительностью, произрастающей на с/х землях;тыс Га;Натэффект;Увеличение площади мягколиственного молодняка 2 класса;тыс Га;;1;;;;;;;;;;;;;;;;;;;;;;;;;;;;;;;;
164;Передача для устойчивого ведения лесного хозяйства площадей с древесно-кустраниковой растительностью, произрастающей на с/х землях;тыс Га;Натэффект;Увеличение площадимягколиственного средневозраст;тыс Га;ВНИМАНИЕ! Тестовая мера. Значения требуют подтверждения со стороны экспертов, чтобы пользоваться этой мерой и включать ее в расчеты;0;;;;;;;;;;;;;;;;;;;;;;;;;;;;;;;;
165;Передача для устойчивого ведения лесного хозяйства площадей с древесно-кустраниковой растительностью, произрастающей на с/х землях;тыс Га;Натэффект;ДКР;?;;-1;;;;;;;;;;;;;;;;;;;;;;;;;;;;;;;;
166;Создание культур ели под пологом низкополнотных средневозрастных березовых и осиновых насаждений (подпологовые культуры в сериях типов леса орляковой, черничной, кисличной и снытевой;тыс Га;Инвестиции;; тыс долл.;экспертное значение =78 тыс долл.;78;;;;;;;;;;;;;;;;;;;;;;;;;;;;;;;;
167;Создание культур ели под пологом низкополнотных средневозрастных березовых и осиновых насаждений (подпологовые культуры в сериях типов леса орляковой, черничной, кисличной и снытевой;тыс Га;Натэффект;Увеличение площади хвойного молодняка 1 класса;тыс Га;;1;;;;;;;;;;;;;;;;;;;;;;;;;;;;;;;;
168;Создание культур ели под пологом низкополнотных средневозрастных березовых и осиновых насаждений (подпологовые культуры в сериях типов леса орляковой, черничной, кисличной и снытевой;тыс Га;Натэффект;Увеличение площади хвойного молодняка 2 класса;тыс Га;ВНИМАНИЕ! Тестовая мера. Значения требуют подтверждения со стороны экспертов, чтобы пользоваться этой мерой и включать ее в расчеты;0;;;;;;;;;;;;;;;;;;;;;;;;;;;;;;;;
169;Создание культур ели под пологом низкополнотных средневозрастных березовых и осиновых насаждений (подпологовые культуры в сериях типов леса орляковой, черничной, кисличной и снытевой;тыс Га;Натэффект;Увеличение площади хвойного средневозраст;тыс Га;;-1;;;;;;;;;;;;;;;;;;;;;;;;;;;;;;;;
170;Увеличение средней полноты низкополнотных средневозрастных хвойных лесных насаждений;тыс Га;Инвестиции;; тыс долл.;экспертное значение =78 тыс долл.;78;;;;;;;;;;;;;;;;;;;;;;;;;;;;;;;;
171;Увеличение средней полноты низкополнотных средневозрастных хвойных лесных насаждений;тыс Га;Натэффект;Увеличение площади хвойного молодняка 1 класса;тыс Га;;1;;;;;;;;;;;;;;;;;;;;;;;;;;;;;;;;
172;Увеличение средней полноты низкополнотных средневозрастных хвойных лесных насаждений;тыс Га;Натэффект;Увеличение площади хвойного молодняка 2 класса;тыс Га;ВНИМАНИЕ! Тестовая мера. Значения требуют подтверждения со стороны экспертов, чтобы пользоваться этой мерой и включать ее в расчеты;0;;;;;;;;;;;;;;;;;;;;;;;;;;;;;;;;
173;Увеличение средней полноты низкополнотных средневозрастных хвойных лесных насаждений;тыс Га;Натэффект;Увеличение площади хвойного средневозраст;тыс Га;;-1;;;;;;;;;;;;;;;;;;;;;;;;;;;;;;;;
174;Усиление эффекта от воспроизводства леса на основе применения современных технологий выращивания посадочного материала и искусственного  метода лесовосстановления;тыс Га;Инвестиции;; тыс долл.;экспертное значение =105 тыс долл.;105;;;;;;;;;;;;;;;;;;;;;;;;;;;;;;;;
175;Усиление эффекта от воспроизводства леса на основе применения современных технологий выращивания посадочного материала и искусственного  метода лесовосстановления;тыс Га;Натэффект;Увеличение площади хвойного молодняка 1 класса;тыс Га;;1;;;;;;;;;;;;;;;;;;;;;;;;;;;;;;;;
176;Усиление эффекта от воспроизводства леса на основе применения современных технологий выращивания посадочного материала и искусственного  метода лесовосстановления;тыс Га;Натэффект;Увеличение площади хвойного молодняка 2 класса;тыс Га;ВНИМАНИЕ! Тестовая мера. Значения требуют подтверждения со стороны экспертов, чтобы пользоваться этой мерой и включать ее в расчеты;0;;;;;;;;;;;;;;;;;;;;;;;;;;;;;;;;
177;Усиление эффекта от воспроизводства леса на основе применения современных технологий выращивания посадочного материала и искусственного  метода лесовосстановления;тыс Га;Натэффект;Увеличение площади хвойного средневозраст;тыс Га;ВНИМАНИЕ! Тестовая мера. Значения требуют подтверждения со стороны экспертов, чтобы пользоваться этой мерой и включать ее в расчеты;0;;;;;;;;;;;;;;;;;;;;;;;;;;;;;;;;
178;Усиление эффекта от воспроизводства леса на основе применения современных технологий выращивания посадочного материала и искусственного  метода лесовосстановления;тыс Га;Натэффект;Увеличение площади твердолиственного молодняка 1 класса;тыс Га;;1;;;;;;;;;;;;;;;;;;;;;;;;;;;;;;;;
179;Усиление эффекта от воспроизводства леса на основе применения современных технологий выращивания посадочного материала и искусственного  метода лесовосстановления;тыс Га;Натэффект;Увеличение площади твердолиственного молодняка 2 класса;тыс Га;ВНИМАНИЕ! Тестовая мера. Значения требуют подтверждения со стороны экспертов, чтобы пользоваться этой мерой и включать ее в расчеты;0;;;;;;;;;;;;;;;;;;;;;;;;;;;;;;;;
180;Усиление эффекта от воспроизводства леса на основе применения современных технологий выращивания посадочного материала и искусственного  метода лесовосстановления;тыс Га;Натэффект;Увеличение площади твердолиственного средневозраст;тыс Га;ВНИМАНИЕ! Тестовая мера. Значения требуют подтверждения со стороны экспертов, чтобы пользоваться этой мерой и включать ее в расчеты;0;;;;;;;;;;;;;;;;;;;;;;;;;;;;;;;;
181;Сокращение сроков лесовосстановления непокрытых лесом земель до 1-2 лет;тыс Га;Инвестиции;; тыс долл.;экспертное значение =157 тыс долл.;157;;;;;;;;;;;;;;;;;;;;;;;;;;;;;;;;
182;Сокращение сроков лесовосстановления непокрытых лесом земель до 1-2 лет;тыс Га;Натэффект;Увеличение площади хвойного молодняка 1 класса;тыс Га;;1;;;;;;;;;;;;;;;;;;;;;;;;;;;;;;;;
183;Сокращение сроков лесовосстановления непокрытых лесом земель до 1-2 лет;тыс Га;Натэффект;Увеличение площади хвойного молодняка 2 класса;тыс Га;ВНИМАНИЕ! Тестовая мера. Значения требуют подтверждения со стороны экспертов, чтобы пользоваться этой мерой и включать ее в расчеты;0;;;;;;;;;;;;;;;;;;;;;;;;;;;;;;;;
184;Сокращение сроков лесовосстановления непокрытых лесом земель до 1-2 лет;тыс Га;Натэффект;Увеличение площади хвойного средневозраст;тыс Га;ВНИМАНИЕ! Тестовая мера. Значения требуют подтверждения со стороны экспертов, чтобы пользоваться этой мерой и включать ее в расчеты;0;;;;;;;;;;;;;;;;;;;;;;;;;;;;;;;;
185;Сокращение сроков лесовосстановления непокрытых лесом земель до 1-2 лет;тыс Га;Натэффект;Увеличение площади твердолиственного молодняка 1 класса;тыс Га;;1;;;;;;;;;;;;;;;;;;;;;;;;;;;;;;;;
186;Сокращение сроков лесовосстановления непокрытых лесом земель до 1-2 лет;тыс Га;Натэффект;Увеличение площади твердолиственного молодняка 2 класса;тыс Га;ВНИМАНИЕ! Тестовая мера. Значения требуют подтверждения со стороны экспертов, чтобы пользоваться этой мерой и включать ее в расчеты;0;;;;;;;;;;;;;;;;;;;;;;;;;;;;;;;;
187;Сокращение сроков лесовосстановления непокрытых лесом земель до 1-2 лет;тыс Га;Натэффект;Увеличение площади твердолиственного средневозраст;тыс Га;ВНИМАНИЕ! Тестовая мера. Значения требуют подтверждения со стороны экспертов, чтобы пользоваться этой мерой и включать ее в расчеты;0;;;;;;;;;;;;;;;;;;;;;;;;;;;;;;;;
188;Комплекс мероприятий по улучшению качества лесных культур;тыс Га;Инвестиции;; тыс долл.;экспертное значение =43 тыс долл.;43;;;;;;;;;;;;;;;;;;;;;;;;;;;;;;;;
189;Комплекс мероприятий по улучшению качества лесных культур;тыс Га;Натэффект;Увеличение площади хвойного молодняка 1 класса;тыс Га;;1;;;;;;;;;;;;;;;;;;;;;;;;;;;;;;;;
190;Комплекс мероприятий по улучшению качества лесных культур;тыс Га;Натэффект;Увеличение площади хвойного молодняка 2 класса;тыс Га;ВНИМАНИЕ! Тестовая мера. Значения требуют подтверждения со стороны экспертов, чтобы пользоваться этой мерой и включать ее в расчеты;0;;;;;;;;;;;;;;;;;;;;;;;;;;;;;;;;
191;Комплекс мероприятий по улучшению качества лесных культур;тыс Га;Натэффект;Увеличение площади хвойного средневозраст;тыс Га;ВНИМАНИЕ! Тестовая мера. Значения требуют подтверждения со стороны экспертов, чтобы пользоваться этой мерой и включать ее в расчеты;0;;;;;;;;;;;;;;;;;;;;;;;;;;;;;;;;
192;Комплекс мероприятий по улучшению качества лесных культур;тыс Га;Натэффект;Увеличение площади твердолиственного молодняка 1 класса;тыс Га;;1;;;;;;;;;;;;;;;;;;;;;;;;;;;;;;;;
193;Комплекс мероприятий по улучшению качества лесных культур;тыс Га;Натэффект;Увеличение площади твердолиственного молодняка 2 класса;тыс Га;ВНИМАНИЕ! Тестовая мера. Значения требуют подтверждения со стороны экспертов, чтобы пользоваться этой мерой и включать ее в расчеты;0;;;;;;;;;;;;;;;;;;;;;;;;;;;;;;;;
194;Комплекс мероприятий по улучшению качества лесных культур;тыс Га;Натэффект;Увеличение площади твердолиственного средневозраст;тыс Га;ВНИМАНИЕ! Тестовая мера. Значения требуют подтверждения со стороны экспертов, чтобы пользоваться этой мерой и включать ее в расчеты;0;;;;;;;;;;;;;;;;;;;;;;;;;;;;;;;;
195;Реконструкция малоценных лесных насаждений;тыс Га;Инвестиции;; тыс долл.;экспертное значение =431 тыс долл.;431;;;;;;;;;;;;;;;;;;;;;;;;;;;;;;;;
196;Реконструкция малоценных лесных насаждений;тыс Га;Натэффект;Увеличение площади хвойного молодняка 1 класса;тыс Га;;1;;;;;;;;;;;;;;;;;;;;;;;;;;;;;;;;
197;Реконструкция малоценных лесных насаждений;тыс Га;Натэффект;Увеличение площади хвойного молодняка 2 класса;тыс Га;ВНИМАНИЕ! Тестовая мера. Значения требуют подтверждения со стороны экспертов, чтобы пользоваться этой мерой и включать ее в расчеты;0;;;;;;;;;;;;;;;;;;;;;;;;;;;;;;;;
198;Реконструкция малоценных лесных насаждений;тыс Га;Натэффект;Увеличение площади хвойного средневозраст;тыс Га;ВНИМАНИЕ! Тестовая мера. Значения требуют подтверждения со стороны экспертов, чтобы пользоваться этой мерой и включать ее в расчеты;0;;;;;;;;;;;;;;;;;;;;;;;;;;;;;;;;
199;Реконструкция малоценных лесных насаждений;тыс Га;Натэффект;Увеличение площади мягколиственного молодняка 1 класса;тыс Га;;-1;;;;;;;;;;;;;;;;;;;;;;;;;;;;;;;;
200;Охрана и защита лесных насаждений, противопожарные мероприятия;тыс Га;Инвестиции;; тыс долл.;экспертное значение =150 тыс долл.;150;;;;;;;;;;;;;;;;;;;;;;;;;;;;;;;;
201;Охрана и защита лесных насаждений, противопожарные мероприятия;тыс Га;Натэффект;Пожары;?;;-1;;;;;;;;;;;;;;;;;;;;;;;;;;;;;;;;
202;Охрана и защита лесных насаждений, противопожарные мероприятия;тыс Га;Натэффект;Гибель насаждений;?;;-1;;;;;;;;;;;;;;;;;;;;;;;;;;;;;;;;
203;Исключение из лесопользования на длительный срок отдельных лесных массивов;тыс Га;Инвестиции;; тыс долл.;экспертное значение =14 тыс долл.;14;;;;;;;;;;;;;;;;;;;;;;;;;;;;;;;;
204;Исключение из лесопользования на длительный срок отдельных лесных массивов;тыс Га;Натэффект;Увеличение площади хвойного спел и перестойные;тыс Га;;1;;;;;;;;;;;;;;;;;;;;;;;;;;;;;;;;
205;Повышение биоразнообразия болотных лесов, предоставление экологических услуг в форме туризма, сохранение водоохранной и водорегулирующей роли, предотвращение эмиссии углекислого газа;тыс Га;Инвестиции;; тыс долл.;экспертное значение =3 тыс долл.;3;;;;;;;;;;;;;;;;;;;;;;;;;;;;;;;;
206;Повышение биоразнообразия болотных лесов, предоставление экологических услуг в форме туризма, сохранение водоохранной и водорегулирующей роли, предотвращение эмиссии углекислого газа;тыс Га;Натэффект;Увеличение площади хвойного спел и перестойные;тыс Га;;1;;;;;;;;;;;;;;;;;;;;;;;;;;;;;;;;
207;Повышение биоразнообразия болотных лесов, предоставление экологических услуг в форме туризма, сохранение водоохранной и водорегулирующей роли, предотвращение эмиссии углекислого газа;тыс Га;Натэффект;Увеличение площади мягколиственного спел и перестойные;тыс Га;;1;;;;;;;;;;;;;;;;;;;;;;;;;;;;;;;;
208;Сдержанная эксплуатация болотных лесов: исключение из лесозаготовок лесных земель серий типов леса: багульниковая, сфагновая, осоково-сфагновая и ивняковая;тыс Га;Инвестиции;; тыс долл.;экспертное значение =4,8 тыс долл.;4,8;;;;;;;;;;;;;;;;;;;;;;;;;;;;;;;;
209;Сдержанная эксплуатация болотных лесов: исключение из лесозаготовок лесных земель серий типов леса: багульниковая, сфагновая, осоково-сфагновая и ивняковая;тыс Га;Натэффект;Увеличение площади хвойного спел и перестойные;тыс Га;;1;;;;;;;;;;;;;;;;;;;;;;;;;;;;;;;;
210;Сдержанная эксплуатация болотных лесов: исключение из лесозаготовок лесных земель серий типов леса: багульниковая, сфагновая, осоково-сфагновая и ивняковая;тыс Га;Натэффект;Увеличение площади мягколиственного спел и перестойные;тыс Га;;1;;;;;;;;;;;;;;;;;;;;;;;;;;;;;;;;
211;"Сохранение средозащитной функции и естественных компонентов лесной экосистемы на этапе ""рубка-возобновление леса""";тыс Га;Инвестиции;; тыс долл.;экспертное значение =204,8 тыс долл.;204,8;;;;;;;;;;;;;;;;;;;;;;;;;;;;;;;;
212;"Сохранение средозащитной функции и естественных компонентов лесной экосистемы на этапе ""рубка-возобновление леса""";тыс Га;Натэффект;Увеличение площади хвойного молодняка 1 класса;тыс Га;;1;;;;;;;;;;;;;;;;;;;;;;;;;;;;;;;;
213;"Сохранение средозащитной функции и естественных компонентов лесной экосистемы на этапе ""рубка-возобновление леса""";тыс Га;Натэффект;Увеличение площади хвойного молодняка 2 класса;тыс Га;ВНИМАНИЕ! Тестовая мера. Значения требуют подтверждения со стороны экспертов, чтобы пользоваться этой мерой и включать ее в расчеты;0;;;;;;;;;;;;;;;;;;;;;;;;;;;;;;;;
214;"Сохранение средозащитной функции и естественных компонентов лесной экосистемы на этапе ""рубка-возобновление леса""";тыс Га;Натэффект;Увеличение площади хвойного средневозраст;тыс Га;ВНИМАНИЕ! Тестовая мера. Значения требуют подтверждения со стороны экспертов, чтобы пользоваться этой мерой и включать ее в расчеты;0;;;;;;;;;;;;;;;;;;;;;;;;;;;;;;;;
215;Содействие естественному возобновлению в приспевающих и спелых древостоях;тыс Га;Инвестиции;; тыс долл.;экспертное значение =23 тыс долл.;23;;;;;;;;;;;;;;;;;;;;;;;;;;;;;;;;
216;Содействие естественному возобновлению в приспевающих и спелых древостоях;тыс Га;Натэффект;Увеличение площади хвойного молодняка 1 класса;тыс Га;;1;;;;;;;;;;;;;;;;;;;;;;;;;;;;;;;;
217;Содействие естественному возобновлению в приспевающих и спелых древостоях;тыс Га;Натэффект;Увеличение площади хвойного молодняка 2 класса;тыс Га;ВНИМАНИЕ! Тестовая мера. Значения требуют подтверждения со стороны экспертов, чтобы пользоваться этой мерой и включать ее в расчеты;0;;;;;;;;;;;;;;;;;;;;;;;;;;;;;;;;
218;Содействие естественному возобновлению в приспевающих и спелых древостоях;тыс Га;Натэффект;Увеличение площади хвойного средневозраст;тыс Га;ВНИМАНИЕ! Тестовая мера. Значения требуют подтверждения со стороны экспертов, чтобы пользоваться этой мерой и включать ее в расчеты;0;;;;;;;;;;;;;;;;;;;;;;;;;;;;;;;;
219;Использование в топливных целях древесины, заготовленной при уборке захламленности;тыс. м3;Инвестиции;; тыс долл.;экспертное значение =4 тыс долл.;4;;;;;;;;;;;;;;;;;;;;;;;;;;;;;;;;
220;Использование в топливных целях древесины, заготовленной при уборке захламленности;тыс. м3;Натэффект;Изъятие древесины;тыс. м3;;-1;;;;;;;;;;;;;;;;;;;;;;;;;;;;;;;;
221;Использование порубочных остатков от рубок главного пользования в топливных целях;тыс Га;Инвестиции;; тыс долл.;экспертное значение =75 тыс долл.;75;;;;;;;;;;;;;;;;;;;;;;;;;;;;;;;;
222;Использование порубочных остатков от рубок главного пользования в топливных целях;тыс Га;Натэффект;Изъятие древесины;тыс Га;;-1;;;;;;;;;;;;;;;;;;;;;;;;;;;;;;;;
223;Восстановление торфяников;тыс Га;Инвестиции;; тыс долл.;экспертное значение =30 тыс долл.;30;;;;;;;;;;;;;;;;;;;;;;;;;;;;;;;;
224;Восстановление торфяников;тыс Га;Натэффект;Болотно-водные угодья;тыс Га;;1;;;;;;;;;;;;;;;;;;;;;;;;;;;;;;;;
